{"darknesshas123":[{"Welcome To Sky Factory 3!|A Modpack By Bacon_Donut|\u003d\u003d\u003d\u003d\u003d\u003d\u003d\u003d\u003d\u003d\u003d\u003d\u003d\u003d\u003d\u003d\u003d\u003d\u003d\u003d\u003d\u003d\u003d":false},{"Hello and welcome to Sky Factory 3, a Sky Block mod pack! An infinite world of possibility awaits you. You\u0027ll be starting in a void world with nothing between you and death but a single tree on one piece of dirt. But don\u0027t panic! The mods in this pack will allow you to get all the resources you need to build yourself an amazing world! Read on for more info about how to play this pack, who put it together, and for a list of goals for you to achieve!":false},{"|How To Use This Book|\u003d\u003d\u003d\u003d\u003d\u003d\u003d\u003d\u003d\u003d\u003d\u003d\u003d\u003d\u003d\u003d\u003d\u003d\u003d":false},{"Use the arrows at the bottom of the pages to navigate the book. You will see challenges separated into ages that represent the general path of progression, although you do not need to do them in order. Simply check the box next to each challenge on completion. Careful though, quests become increasingly difficult as you progress! Also, don\u0027t forget to craft yourself an Achievement Stand to store this book on!| | | |":false},{"A Note About Biomes|\u003d\u003d\u003d\u003d\u003d\u003d\u003d\u003d\u003d\u003d\u003d\u003d\u003d\u003d":false},{"The challenges in this book will help you through the early game, but there are several commonly asked question regarding biome behavior in Sky Factory.":false},{"You can obtain water by using a barrel to catch rain or snow. If you happen to spawn in a desert where it does not rain you can craft a water bucket. You may also craft Wooden Crucibles to collect water if needed. Look it up in NEI to learn more.":false},{"Ocean and Mushroom biomes are both viable locations to spawn in, passive animals will spawn in them. If animals are not spawning, use Bait to lure them into your base.":false},{"|Also, if you\u0027re the kind of person who likes to train dragons, remember that what biome you hatch your dragon in will determine what kind of dragon it grows up to be!":false},{"Credits|\u003d\u003d\u003d\u003d\u003d\u003d\u003d| |Bacon_Donut. I make Minecraft content full time and you can find me here:| |Twitch.tv/Bacon_Donut|":false},{"Special Thanks Also Goes To:|\u003d\u003d\u003d\u003d\u003d\u003d\u003d\u003d\u003d\u003d\u003d\u003d\u003d\u003d\u003d\u003d\u003d\u003d\u003d\u003d\u003d\u003d\u003d\u003d| |The Feed the Beast team for all their hardwork and help with the creation and development process":false},{"The Challenges|\u003d\u003d\u003d\u003d\u003d\u003d\u003d\u003d\u003d\u003d\u003d\u003d\u003d| |You can\u0027t ever \"beat\" the pack, but I\u0027ve provided a list of challenges designed to help you progress. Don\u0027t worry if you don\u0027t know how to complete some of them, have fun with the process of searching for answers. You\u0027ll learn a lot and have some fun too!| |They are divided into ages that roughly match up to game progression, but you do NOT have to do them in order!| | |":false},{"---\u003d\u003d\u003d Wood Age \u003d\u003d\u003d---| |A new age dawns before you! You don\u0027t have anything to work with but this tree, so let\u0027s make the most of it!":false},{"Use a Crook on leaves to get saplings and a Silkworm":true},{"Twerk a Sapling into a Tree":true},{"Make Dirt by composting saplings or leaves in an Oak Barrel":true},{"Infest leaves with a Silkworm":true},{"Use a Crook on Infested Leaves to get string":true},{"Craft a Sieve and a string mesh":true},{"Collect rain water in an Oak Barrel or melt saplings in a Wooden Crucible":true},{"Craft Cobblestone from the Small Stones that drop from sifting Dirt":true},{"Craft a Hammer to turn Cobble into Gravel, Gravel into Sand, and Sand into Dust":true},{"Sift Gravel, Sand, and Dust in a Sieve":true},{"Make Tinkers\u0027 Construct Tools from Bone or Flint":true},{"Make Clay by putting Dust into a water filled Barrel":true},{"Craft and cook a Crucible":true},{"Heat a Crucible with a Torch and insert Stones or Cobble to make Lava":true},{"Build a Cobblestone generator":true},{"":false},{"":false},{"":false},{"":false},{"---\u003d\u003d\u003d Stone Age \u003d\u003d\u003d---| |Now that you have a good source of blocks, it\u0027s time to expand, upgrade, and improve your island a bit!":false},{"Make a dark room 25 blocks away from your base for spawning mobs and obtaining loot":true},{"Make a field of grass 25 blocks away from your base for spawning animals":true},{"Build a second layer to your island, below the level you started from":true},{"Make Obsidian with a Stone Barrel":false},{"Make a Tinkers\u0027 Construct smeltery for processing ore":false},{"Upgrade an existing Tinkers\u0027 tool with a metal part":false},{"Automate your Cobble with Cobblestone Generator Block or Transfer Node":true},{"Upgrade your mob farm to kill monsters automatically":false},{"Enchant a Sieve Mesh":false},{"":false},{"":false},{"":false},{"":false},{"":false},{"---\u003d\u003d\u003d Farming Age \u003d\u003d\u003d---| |Time to fight back against this cold, empty void, and grow some things!":false},{"Make a Watering Can":true},{"Capture a Cow in a Jar":false},{"Prepare a farming space for several crops":true},{"Craft an Inferium Seed":false},{"Make a Mattock from Tinkers\u0027 Construct":false},{"Start a food farm and an Inferium Essence Farm":false},{"Prove to the world that Sand grows Sugar Cane faster than dirt with a Block of Snad":false},{"Use Nesting Pens to automate resource collection from Chickens":false},{"":false},{"--\u003d\u003d Mystical Farming \u003d\u003d--| |Resources are finite, but crops will grow whatever you need":false},{"Craft an Iron Seed":false},{"Craft a Diamond Seed":false},{"Use a Soulium Dagger to obtain a Mob Chunk":false},{"Use Growth Crystals or Growth Accelerators to speed up crop growth":false},{"Craft a Master Infustion Crystal":true},{"Craft a Supremium Apple":false},{"Craft Supremium armor":false},{"":false},{"":false},{"":false},{"--\u003d Age of Exploration \u003d--| |With the right tools you no longer have to be confined to your small island. Time to get out and stretch our legs! Try not to die...":false},{"Fly":true},{"Use an Angel Block and your ability to fly to start a new island somewhere else":true},{"Travel to the Nether":true},{"Travel to the bottom of the Nether using a boat":false},{"Use a Diamond Chest Transporter to bring home 5 Blaze Spawners":false},{"Kill a Wither":false},{"Travel to The Beneath Dimension":true},{"Travel to the End":true},{"Kill the Ender Dragon":true},{"Collect Dragons Breath":false},{"Travel to the End City and obtain Elytra":false},{"Hatch a Dragon Egg and train it":true},{"":false},{"":false},{"":false},{"--\u003d\u003d Age of Machines \u003d\u003d--| |Your skill with technology is growing. Automation is key.":false},{"Craft and power a generator of some kind":true},{"Automate turning Cobblestone into Gravel with a SAG Mill or Auto Hammer":true},{"Use Energy Conduits to power several machines at once":true},{"Automate Loot Bag Creation, Opening, and Compression":false},{"Automate crop harvesting":false},{"Link an Ender Pouch to an Ender Chest":false},{"Create a Refined Storage system to store your things":true},{"Automate storage of ore pieces/chunks from an Automatic Sieve":true},{"Process sieve materials to ingots":true},{"":false},{"":false},{"":false},{"":false},{"":false},{"--\u003d\u003d Age of Power \u003d\u003d--| |Once you start on this path, how much is enough?":false},{"Create a Passively cooled reactor from the Extreme Reactors Mod":true},{"Create an Actively cooled reactor from the Extreme Reactors Mod":true},{"Create the maximum size reactor":true},{"Create a turbine from the Extreme Reactors Mod":true},{"Produce 1,000 RF/t":true},{"Produce 10,000 RF/t":true},{"Produce 100k RF/t":true},{"Produce 1 million RF/t":true},{"":false},{"--\u003d\u003d Green Energy \u003d\u003d--| |Free, renewable energy!":false},{"Build a Solar Array Tier 1 Multiblock Structure":false},{"Harness the power of Lightning with a Lightning Rod":false},{"Build a Solar Array Tier 4 Multiblock Structure":false},{"Collect Ore from the Void with a Void Ore Miner Structure":false},{"--\u003d Age of Enhancement \u003d--| |Your tools are not powerful enough, time for an upgrade.":false},{"Level up a Tinkers\u0027 Tool or Weapon":false},{"Add a Diamond Hammer to a Tinkers\u0027 Pickaxe to obtain the Smashing Modifier":false},{"Craft the highest tier Unbreakable Builder\u0027s Wand":false},{"Create an unbreakable Tinkers\u0027 Tool":false},{"Craft a melee Tinkers\u0027 Weapon that does 20 damage or more":false},{"Build any melee weapon that does 90 or more damage":false},{"":false},{"":false},{"":false},{"":false},{"--\u003d Alchemic Wizardry \u003d--|":false},{"Craft and Place a Blood Altar":false},{"Obtain a Master Blood Orb":false},{"Automate LP Collection":false},{"Use the Rudimentary Snare to obtain a Demonic Will":false},{"Use the Sigil of the Phantom Bridge to walk over the void":false},{"Craft the Bound Blade, Pickaxe, Axe, and Shovel":false},{"Obtain the Living Armor":false},{"Automate the creation of Demonic Slates":false},{"Create a Tier 5 Blood Altar":false},{"":false},{"":false},{"--\u003d Age of the Botanist \u003d--|":false},{"Craft a Lexica Botania":false},{"Craft a Petal Apothecary":false},{"Create 64 Livingwood and 64 Livingrock with a Pure Daisy":false},{"Craft a Mana Pool and a Mana Spreader":false},{"Craft a Wand of the Forest":false},{"Create a portal to Alfheim":false},{"--\u003d\u003d Mastery \u003d\u003d--|":false},{"Complete the Ritual of Gaia":false},{"Complete the Ritual of Gaia II":false},{"":false},{"":false},{"--\u003d\u003d Age of Dragons \u003d\u003d--| |You will be tested. It takes a legend to conquer legends.":false},{"Craft the Draconic Armor Set":false},{"Draconic Helm":false},{"Draconic Chestplate":false},{"Draconic Leggings":false},{"Draconic Boots":false},{"Craft the Draconic Tools":false},{"Draconic Pickaxe":false},{"Draconic Axe":false},{"Draconic Shovel":false},{"Draconic Hoe":false},{"Draconic Staff of Power":false},{"":false},{"Automate Wither killing":false},{"Kill a chaos dragon":false},{"Kill 4 chaos dragons":false},{"Build a tier 6 energy core":false},{"Make a charm of dislocation":false},{"Resurrect one of the dragons":false},{"Fill a Draconic battery":false},{"Create a Draconic Level Fusion Crafter":false},{"Jump between 2 tamed dragons while in midair (while both are flying)":false},{"":false},{"":false},{"":false},{"":false},{"--\u003d Age of the Traveler \u003d--| |You have outgrown your home. The next step is creating your own dimension.":false},{"Obtain a Dimlet Parcel from an Endermen or Loot Bag":false},{"Build a dimension, travel to it, and stay for at least 10 minutes":false},{"Infuse your Machine Infuser to 100%":false},{"Use the Absorber to create a custom liquid or block dimension":false},{"Create a dimension of Rarity: 4 or higher consisting of Large Liquid Orbs":false},{"Use a syringe to create a dimension with Ender Dragons":false},{"":false},{"":false},{"":false},{"--\u003d\u003d Age of Insanity \u003d\u003d--| |At last you\u0027ve got your production going and your machines are hard at work. It\u0027s time to REALLY have some fun!":false},{"Create near infinite Grid Power with an Extra Utilities Dragon Egg Mill":false},{"Create a 16x16x16 Colossal Chest":false},{"Fill a Quantum Storage Unit with anything":false},{"Craft the Rainbow Generator and use it to produce power":false},{"Use the Terrain Scanner and regenerate 5 different biome chunks":false},{"Produce 1 billion RF/t":false},{"Get 20 different Chickens and automate resource collection":false},{"Use Diamond blocks to cool a max size reactor":false},{"Build Ender IO Farming Stations with Octadic Capacitors which automate 20 different crops":false},{"Craft a single Octuple Compressed Cobblestone Block":false},{"":false},{"":false},{"":false},{"":false},{"---\u003d\u003d\u003dThe End\u003d\u003d\u003d---":false},{"You have completed 100% of the achievements listed. What achievements can you come up with?":false},{"100% complete":false}]}