{"stat.craftItem.bloodmagic.BlockAltar":1,"stat.pickup.actuallyadditions.itemDust":11,"stat.craftItem.mysticalagriculture.infusion_crystal":4,"stat.drop.minecraft.gunpowder":14,"stat.drop.mysticalagriculture.inferium_essence":12,"stat.pickup.extrautils2.redorchid":1,"stat.drop.minecraft.redstone":20,"stat.useItem.draconicevolution.energy_pylon":13,"stat.useItem.hammercore.infi_rf":2,"stat.useItem.immersiveengineering.metalDevice1":190,"stat.mineBlock.refinedstorage.exporter":6,"stat.craftItem.psi.cadAssembly":9,"stat.craftItem.extrautils2.endershard":48,"stat.drop.minecraft.iron_sword":1,"stat.pickup.minecraft.rotten_flesh":671,"stat.pickup.mysticalagriculture.dirt_seeds":4277,"stat.craftItem.bigreactors.reactorcasingcores":12,"stat.craftItem.draconicevolution.draconium_dust":64,"stat.pickup.bloodmagic.ItemRitualDiviner":3,"stat.drop.minecraft.leather_boots":1,"stat.pickup.minecraft.bucket":2,"stat.killEntity.Enderman":21,"stat.drop.bigreactors.reactorcasing":1,"stat.pickup.roots.oldRoot":6,"stat.pickup.gyth.modular_tank":8,"stat.pickup.minecraft.record_ward":1,"stat.pickup.bigreactors.turbinebearing":4,"achievement.buildPickaxe":12,"stat.craftItem.bigreactors.reactorfuelrod":53,"stat.useItem.mysticalagriculture.supremium_pickaxe":32637,"stat.craftItem.excompressum.compressed_hammer_diamond":1,"stat.mineBlock.minecraft.end_stone":16,"stat.craftItem.extrautils2.machine":61,"stat.pickup.bloodmagic.ItemSigilWater":1,"stat.useItem.minecraft.iron_pickaxe":89,"stat.pickup.enderio.blockTransceiver":1,"stat.craftItem.tp.diamond_cobblegen_block":1,"stat.pickup.exnihiloadscensio.itemSeedAcacia":3,"stat.craftItem.minecraft.glass_pane":64,"stat.mineBlock.excompressum.auto_sieve":8,"stat.furnaceInteraction":727,"stat.useItem.chickens.spawn_egg":3,"stat.craftItem.exnihiloadscensio.itemOreNickel":27,"stat.pickup.draconicevolution.wyvern_core":20,"stat.craftItem.bigreactors.turbinefluidport":2,"stat.pickup.extrautils2.enderlilly":1,"stat.pickup.bigreactors.turbinerotorblade":10,"stat.craftItem.bloodmagic.BlockSoulForge":5,"stat.craftItem.psi.psimetalPickaxe":1,"stat.craftItem.mysticalagriculture.tier3_crafting_seed":11,"stat.pickup.mob_grinding_utils.spikes":102,"stat.pickup.forge.bucketFilled":11,"stat.mineBlock.bigreactors.reactorfuelrod":1654,"stat.useItem.bigreactors.reactorcoolantport":33,"achievements.xu2.solar.panel":1212,"stat.useItem.minecraft.fence":84,"stat.useItem.draconicevolution.draconic_block":382,"stat.mineBlock.bigreactors.turbinerotorshaft":5,"stat.mineBlock.minecraft.fence":9,"stat.useItem.minecraft.flint_and_steel":4,"stat.craftItem.mysticalagriculture.tier4_crafting_seed":5,"stat.useItem.cookingforblockheads.spiceRack":1,"stat.craftItem.draconicevolution.draconium_block":2,"stat.pickup.mysticalagriculture.blaze_seeds":1,"stat.pickup.minecraft.emerald":2,"stat.craftItem.psi.cadAssembler":1,"stat.pickup.minecraft.lever":8,"stat.deaths":45,"stat.useItem.refinedstorage.wireless_transmitter":7,"stat.useItem.tconstruct.smeltery_io":3,"stat.pickup.minecraft.egg":15,"stat.craftItem.minecraft.iron_pickaxe":1,"stat.craftItem.enderio.itemMaterial":128,"stat.craftItem.mysticalagriculture.tier5_crafting_seed":4,"stat.craftItem.minecraft.repeater":2,"stat.chestOpened":1956,"stat.craftItem.bigreactors.turbinecontroller":1,"stat.pickup.minecraft.iron_sword":1,"stat.craftItem.minecraft.quartz_block":1,"stat.drop.psi.cad":4,"stat.craftItem.minecraft.coal":151,"stat.pickup.exnihiloadscensio.itemOreNickel":93,"stat.pickup.bloodmagic.ItemSigilDivination":1,"stat.mineBlock.bloodmagic.BlockDemonCrucible":2,"stat.pickup.minecraft.carrot":2,"stat.useItem.bloodmagic.BlockIncenseAltar":1,"stat.mineBlock.chickenchunks.chickenChunkLoader":58,"stat.crouchOneCm":1265875,"stat.drop.mysticalagriculture.iron_essence":2,"stat.craftItem.minecraft.diamond":4,"stat.craftItem.minecraft.iron_ingot":624,"stat.pickup.mysticalagriculture.coal_essence":10218,"stat.craftItem.mysticalagriculture.supremium_pickaxe":1,"stat.craftingTableInteraction":22,"stat.craftItem.extrautils2.decorativesolid":8,"stat.craftItem.mysticalagriculture.intermedium_apple":4,"stat.pickup.exnihiloadscensio.itemMaterial":16,"stat.mineBlock.tconstruct.smeltery_io":1,"stat.craftItem.betterbuilderswands.wandDiamond":8,"stat.pickup.minecraft.dye":170,"stat.pickup.minecraft.planks":433,"stat.craftItem.draconicevolution.crystal_binder":1,"stat.pickup.scanner.biomeScannerUltimate":3,"stat.craftItem.tconstruct.seared_furnace_controller":2,"stat.pickup.bigreactors.reactorpowertaprf":1,"stat.mineBlock.extrautils2.pipe":73,"stat.craftItem.extrautils2.pipe":280,"stat.pickup.refinedstorage.wireless_grid":1,"stat.pickup.bloodmagic.BlockBloodRune":29,"stat.pickup.exnihiloadscensio.itemSeedPotato":8,"stat.pickup.mysticalagriculture.slime_seeds":520,"stat.useItem.psi.programmer":1,"stat.drop.minecraft.rotten_flesh":39,"stat.craftItem.enderio.itemMachinePart":1,"stat.craftItem.refinedstorage.wireless_grid":1,"stat.drop.minecraft.iron_ore":3,"stat.pickup.refinedstorage.processor":2,"stat.pickup.exnihiloadscensio.itemOreLead":103,"stat.pickup.minecraft.chicken":8,"stat.drop.extrautils2.grocket":1,"stat.craftItem.draconicevolution.draconium_ingot":728,"stat.useItem.minecraft.glass_pane":277,"stat.pickup.minecraft.end_stone":16,"stat.pickup.bigreactors.reactorcasing":580,"stat.craftItem.enderio.blockCapBank":3,"stat.craftItem.minecraft.bucket":43,"stat.craftItem.minecraft.planks":2999,"stat.useItem.minecraft.iron_sword":221,"stat.craftItem.refinedstorage.wireless_transmitter":2,"stat.craftItem.refinedstorage.storage_disk":7,"stat.useItem.draconicevolution.energy_storage_core":6,"stat.craftItem.minecraft.dirt":660,"stat.useItem.draconicevolution.draconium_chest":7,"stat.craftItem.minecraft.fishing_rod":1,"stat.useItem.minecraft.stonebrick":1513,"stat.craftItem.minecraft.wooden_door":6,"stat.craftItem.minecraft.log":624,"stat.useItem.psi.psimetalSword":2,"stat.craftItem.mysticalagriculture.supremium_tool_core":2,"stat.craftItem.exnihiloadscensio.itemMaterial":68,"stat.pickup.draconicevolution.crafting_pedestal":20,"stat.pickup.extrautils2.pipe":499,"stat.craftItem.minecraft.cobblestone":23472,"draconicevolution.dust":4,"stat.useItem.rftools.crafter2":21,"stat.useItem.rftools.crafter3":4,"stat.useItem.rftools.crafter1":4,"stat.mineBlock.cookingforblockheads.sink":2,"draconicevolution.heart":18,"stat.pickup.minecraft.bookshelf":3,"stat.mineBlock.minecraft.cobblestone":11620,"draconicevolution.particles":1,"stat.useItem.minecraft.beacon":4,"stat.pickup.minecraft.flint":44,"stat.useItem.enderio.blockCapBank":10,"stat.drop.mysticalagriculture.iron_seeds":5,"stat.craftItem.immersiveengineering.conveyor":32,"stat.craftItem.minecraft.clock":2,"stat.drop.minecraft.cobblestone":17,"stat.pickup.minecraft.cooked_porkchop":59,"stat.useItem.exnihiloadscensio.crookWood":389,"stat.pickup.bigreactors.reactorcontrolrod":22,"stat.useItem.minecraft.mob_spawner":5,"stat.drop.enderio.itemPowerConduit":4,"stat.craftItem.minecraft.furnace":34,"stat.craftItem.minecraft.lapis_block":8,"stat.mineBlock.bigreactors.reactorcoolantport":33,"stat.drop.minecraft.golden_helmet":1,"stat.craftItem.refinedstorage.network_transmitter":1,"stat.pickup.tp.cobblegen_block":1,"stat.craftItem.bigreactors.ingotmetals":390,"stat.mineBlock.minecraft.clay":46,"stat.useItem.minecraft.brick_block":389,"stat.craftItem.actuallyadditions.itemMisc":7,"stat.craftItem.extrautils2.passivegenerator":4,"stat.pickup.bloodmagic.BlockAltar":1,"stat.drop.randomthings.itemCollector":2,"stat.useItem.excompressum.auto_hammer":5,"stat.drop.mysticalagriculture.dirt_seeds":1,"stat.useItem.minecraft.wooden_slab":351,"stat.craftItem.minecraft.beacon":1,"stat.craftItem.minecraft.iron_block":2,"stat.craftItem.minecraft.stonebrick":384,"stat.craftItem.exnihiloadscensio.hammerWood":5,"stat.breakItem.minecraft.diamond_pickaxe":3,"stat.pickup.exnihiloadscensio.itemOreGold":118,"stat.craftItem.mysticalagriculture.wood_seeds":1,"stat.craftItem.draconicevolution.energy_pylon":4,"stat.killEntity.Creeper":55,"stat.craftItem.refinedstorage.quartz_enriched_iron":144,"stat.craftItem.mysticalagriculture.master_infusion_crystal":1,"stat.craftItem.gyth.modular_tank":7,"stat.entityKilledBy.Skeleton":3,"achievement.buildSword":11,"stat.craftItem.psi.exosuitSensor":1,"stat.killEntity.Squid":1,"stat.sprintOneCm":2665275,"stat.useItem.minecraft.diamond_block":10,"stat.mineBlock.minecraft.stone_slab":35,"stat.craftItem.mysticalagriculture.coal_seeds":1,"stat.useItem.minecraft.snowball":1,"stat.pickup.cookingforblockheads.sink":4,"stat.pickup.minecraft.leather_leggings":1,"stat.craftItem.mysticalagriculture.tier4_inferium_seeds":1,"stat.craftItem.mysticalagriculture.water_seeds":1,"stat.pickup.minecraft.sugar":3,"stat.useItem.minecraft.cake":1,"stat.useItem.minecraft.banner":1,"stat.mineBlock.mysticalagriculture.prosperity_ore":9,"stat.craftItem.minecraft.emerald":2,"stat.useItem.draconicevolution.energy_infuser":1,"stat.pickup.minecraft.iron_block":6,"stat.killEntity.Zombie":298,"stat.craftItem.minecraft.dye":478,"stat.craftItem.harvestcraft.epicbaconItem":1,"stat.craftItem.minecraft.diamond_axe":1,"stat.useItem.scanner.biomeScannerBasic":3,"stat.mineBlock.minecraft.gold_ore":53,"stat.drop.minecraft.diamond_pickaxe":1,"stat.craftItem.minecraft.slime_ball":40,"stat.craftItem.draconicevolution.energy_storage_core":3,"stat.craftItem.minecraft.sandstone":20,"stat.craftItem.mysticalagriculture.tier2_crafting_seed":14,"stat.pickup.exnihiloadscensio.itemSeedJungle":3,"stat.drop.minecraft.stone_stairs":1,"stat.mineBlock.tconstruct.seared_furnace_controller":2,"stat.craftItem.minecraft.cooked_porkchop":5,"stat.pickup.draconicevolution.dragon_heart":142,"stat.craftItem.psi.cadSocket":6,"stat.useItem.bloodmagic.BlockCrystal":4,"stat.drop.lootbags.itemlootbag":25,"stat.pickup.minecraft.obsidian":82,"stat.pickup.mysticalagriculture.gold_essence":8,"stat.useItem.bigreactors.reactorfuelrod":7396,"stat.pickup.bigreactors.turbinerotorshaft":5,"stat.pickup.exnihiloadscensio.itemPebble":274,"stat.mineBlock.refinedstorage.solderer":2,"stat.pickup.minecraft.coal":508,"stat.pickup.minecraft.iron_ingot":67,"stat.craftItem.minecraft.lever":1,"stat.craftItem.refinedstorage.grid":8,"stat.pickup.minecraft.gunpowder":189,"stat.pickup.minecraft.dirt":908,"stat.pickup.mysticalagriculture.draconium_essence":16,"stat.craftItem.draconicevolution.draconic_energy_core":5,"stat.pickup.exnihiloadscensio.itemSeedSugarcane":1,"stat.mineBlock.minecraft.lapis_ore":1,"stat.craftItem.bloodmagic.BlockBloodTank":9,"stat.useItem.minecraft.stone_brick_stairs":6,"stat.craftItem.mysticalagriculture.redstone_seeds":1,"stat.mineBlock.minecraft.torch":45,"stat.mineBlock.minecraft.red_flower":27,"stat.pickup.minecraft.written_book":4,"stat.useItem.bigreactors.turbinepowertaprf":2,"stat.craftItem.minecraft.comparator":2,"stat.craftItem.minecraft.glowstone":5,"stat.drop.minecraft.nether_star":2,"stat.drop.bigreactors.reactorcoolantport":1,"stat.pickup.rftoolsdim.dimlet_parcel":4,"stat.useItem.bloodmagic.BlockSoulForge":2,"stat.craftItem.enderio.blockFusedQuartz":12,"stat.craftItem.exnihiloadscensio.blockSieve":2,"stat.craftItem.extrautils2.wateringcan":1,"stat.mineBlock.extrautils2.drum":40,"stat.craftItem.darkutils.timer":1,"stat.craftItem.psi.programmer":1,"stat.mineBlock.bigreactors.turbinefluidport":1,"stat.useItem.excompressum.compressed_hammer_diamond":1,"stat.useItem.extrautils2.resonator":6,"stat.useItem.hatchery.chickenmanure":4,"stat.pickup.minecraft.record_wait":1,"stat.craftItem.exnihiloadscensio.itemOreAluminium":19,"stat.craftItem.tconstruct.smeltery_io":1,"stat.pickup.minecraft.diamond_pickaxe":1,"stat.craftItem.bigreactors.reactoraccessport":11,"stat.craftItem.mysticalagriculture.diamond_seeds":1,"stat.mineBlock.exnihiloadscensio.blockSieve":7,"stat.mineBlock.bigreactors.turbineglass":264,"stat.useItem.minecraft.lava_bucket":55,"stat.craftItem.mysticalagriculture.tier3_inferium_seeds":1,"stat.pickup.exnihiloadscensio.blockSieve":7,"stat.craftItem.psi.cadColorizer":1,"stat.pickup.bigreactors.dustmetals":41,"stat.mineBlock.refinedstorage.cable":25,"stat.useItem.minecraft.redstone_ore":3,"stat.pickup.minecraft.cooked_beef":2,"stat.pickup.extrautils2.drum":109,"stat.mineBlock.immersiveengineering.metalDevice1":16,"stat.mobKills":1007,"stat.drop.minecraft.written_book":1,"stat.pickup.minecraft.diamond":70,"stat.craftItem.bigreactors.reactorglass":5,"stat.useItem.bloodmagic.ItemSentientSword":2011,"stat.craftItem.extrautils2.itemdestructionwand":2,"stat.craftItem.refinedstorage.controller":2,"stat.pickup.bigreactors.turbinefluidport":1,"stat.useItem.betterbuilderswands.wandUnbreakable":4250,"draconicevolution.awakenedblock":5,"achievement.environmentaltech.craft_assembler":1,"stat.breakItem.minecraft.stone_sword":3,"stat.useItem.draconicevolution.draconic_spawner":4,"stat.craftItem.immersiveengineering.treatedWood":120,"stat.drop.minecraft.mutton":5,"stat.craftItem.draconicevolution.energy_infuser":1,"stat.useItem.minecraft.bookshelf":18,"stat.pickup.enderio.itemPowerConduit":88,"stat.pickup.mysticalagriculture.iron_essence":713,"stat.pickup.tp.QuartzDust":4,"stat.pickup.mysticalagriculture.nether_quartz_essence":11028,"stat.drop.minecraft.skull":1,"stat.pickup.harvestcraft.calamarirawItem":2,"stat.useItem.chancecubes.chance_Cube":3,"stat.useItem.environmentaltech.controller_void_ore_miner_1":2,"stat.pickup.minecraft.golden_boots":5,"stat.pickup.minecraft.glowstone_dust":40,"stat.mineBlock.immersiveengineering.ore":11,"stat.pickup.harvestcraft.grouperrawItem":1,"stat.craftItem.draconicevolution.draconium_capacitor":1,"stat.pickup.bigreactors.turbinehousing":282,"stat.useItem.bloodmagic.ItemRitualDiviner":154,"stat.breakItem.exnihiloadscensio.hammerWood":5,"stat.craftItem.moreshears.diamondShears":1,"stat.drop.hatchery.chickenmanure":15,"stat.pickup.refinedstorage.silicon":19,"stat.craftItem.bigreactors.wrench":1,"stat.useItem.draconicevolution.draconium_block":779,"stat.useItem.exnihiloadscensio.blockCrucible":39,"stat.craftItem.minecraft.stone_sword":3,"stat.pickup.bloodmagic.BlockRitualStone":1,"stat.mineBlock.minecraft.sand":708,"stat.pickup.bigreactors.turbineglass":263,"stat.useItem.refinedstorage.network_card":9,"stat.craftItem.environmentaltech.lens":1,"stat.useItem.enderio.blockTransceiver":10,"stat.pickup.actuallyadditions.itemFlaxSeed":2,"stat.useItem.minecraft.fence_gate":5,"stat.mineBlock.enderio.blockAlloySmelter":1,"stat.drop.minecraft.diamond":16,"stat.pickup.refinedstorage.storage_housing":2,"stat.mineBlock.bigreactors.reactorpowertaprf":1,"stat.craftItem.mysticalagriculture.base_crafting_seed":16,"stat.craftItem.minecraft.magma_cream":1,"stat.craftItem.refinedstorage.silicon":1472,"stat.craftItem.exnihiloadscensio.itemOreIron":123,"stat.mineBlock.minecraft.lapis_block":1,"stat.useItem.extrautils2.pipe":1520,"stat.craftItem.psi.psimetalExosuitHelmet":2,"stat.pickup.bloodmagic.ItemSigilLava":1,"stat.pickup.minecraft.stone_stairs":6,"stat.craftItem.minecraft.fence_gate":10,"stat.useItem.draconicevolution.crafting_pedestal":32,"stat.pickup.minecraft.pumpkin_seeds":2,"stat.craftItem.bigreactors.turbinebearing":1,"stat.craftItem.immersiveengineering.material":31,"stat.drop.minecraft.snowball":1,"stat.mineBlock.minecraft.soul_sand":10,"stat.mineBlock.exnihiloadscensio.blockCrucible":9,"stat.pickup.exnihiloadscensio.itemMesh":12,"achievement.actuallyadditions.openBooklet":2,"stat.mineBlock.minecraft.ice":219,"stat.craftItem.mysticalagriculture.prudentium_tool_core":2,"stat.pickup.exnihiloadscensio.blockCrucible":9,"stat.useItem.tconstruct.seared_furnace_controller":2,"stat.craftItem.refinedstorage.upgrade":1,"stat.pickup.simplecorn.kernels":8,"stat.useItem.excompressum.auto_compressor":25,"stat.mineBlock.minecraft.gold_block":1,"stat.drop.minecraft.stone":6,"stat.useItem.extrautils2.trashcan":10,"stat.pickup.minecraft.melon_seeds":3,"stat.entityKilledBy.headcrumbs.Human":15,"stat.pickup.minecraft.golden_leggings":2,"stat.craftItem.refinedstorage.relay":2,"stat.mineBlock.bigreactors.turbinerotorblade":10,"stat.pickup.mysticalagriculture.prosperity_shard":69,"stat.useItem.bigreactors.reactoraccessport":13,"stat.useItem.scanner.biomeScannerUltimate":4,"stat.drop.minecraft.bone":17,"stat.useItem.minecraft.furnace":12,"stat.pickup.exnihiloadscensio.itemSeedDarkOak":7,"stat.pickup.excompressum.wood_chippings":11,"stat.craftItem.tconstruct.materials":120,"stat.pickup.draconicevolution.draconium_chest":3,"stat.craftItem.extrautils2.ingredients":17,"stat.craftItem.psi.material":9,"stat.mineBlock.minecraft.gravel":2480,"stat.useItem.bloodmagic.BlockBloodTank":1,"stat.pickup.bloodmagic.ItemInscriptionTool":3,"stat.pickup.bigreactors.reactorcoolantport":32,"stat.craftItem.rftools.machine_frame":15,"stat.craftItem.mysticalagriculture.superium_essence":206,"stat.useItem.minecraft.torch":766,"stat.craftItem.minecraft.redstone_block":13,"stat.craftItem.mysticalagriculture.iron_seeds":1,"stat.craftItem.minecraft.stone_stairs":72,"stat.pickup.minecraft.crafting_table":1,"stat.useItem.minecraft.log":1177,"stat.craftItem.minecraft.crafting_table":24,"stat.pickup.extrautils2.grocket":132,"stat.pickup.minecraft.redstone_block":3,"stat.useItem.refinedstorage.network_receiver":2,"stat.pickup.rftools.crafter3":2,"stat.pickup.rftools.crafter2":5,"stat.craftItem.mysticalagriculture.inferium_ingot":12,"stat.craftItem.minecraft.stone_button":60,"stat.pickup.minecraft.web":6,"stat.pickup.minecraft.sapling":315,"stat.pickup.exnihiloadscensio.itemOreCopper":35,"stat.craftItem.bigreactors.reactorcontroller":7,"stat.pickup.actuallyadditions.itemMisc":4,"stat.craftItem.enderio.blockAlloySmelter":1,"stat.pickup.refinedstorage.wireless_transmitter":1,"stat.mineBlock.exnihiloadscensio.blockDust":8,"stat.pickup.extrautils2.trashcan":1,"ftbl.stat.first_joined":{"value":0,"progress":1526936161616},"stat.pickup.mysticalagriculture.coal_seeds":13385,"stat.mineBlock.scanner.biomeScannerUltimate":3,"stat.craftItem.mysticalagriculture.gold_seeds":1,"stat.pickup.refinedstorage.exporter":6,"stat.pickup.minecraft.rabbit":1,"stat.drop.minecraft.bucket":2,"stat.drop.minecraft.yellow_flower":1,"stat.pickup.minecraft.stone_slab":3,"stat.pickup.minecraft.yellow_flower":13,"stat.useItem.minecraft.fishing_rod":10,"stat.craftItem.refinedstorage.fluid_storage_part":6,"stat.craftItem.minecraft.diamond_chestplate":1,"stat.pickup.minecraft.bone":396,"stat.pickup.actuallyadditions.itemCrystal":32,"stat.craftItem.minecraft.sticky_piston":2,"stat.breakItem.bloodmagic.ItemSentientSword":3,"stat.craftItem.ceramics.unfired_clay":5,"stat.pickup.minecraft.redstone_torch":5,"stat.horseOneCm":4761,"stat.drop.natura.overworld_seeds":2,"stat.mineBlock.immersiveengineering.treatedWood":1,"stat.drop.minecraft.glowstone_dust":5,"stat.useItem.immersiveengineering.conveyor":93,"stat.craftItem.betterbuilderswands.wandUnbreakable":1,"stat.craftItem.minecraft.diamond_helmet":1,"stat.craftItem.extrautils2.glasscutter":1,"achievements.xu2.magical.wood":8,"stat.pickup.mysticalagriculture.nether_quartz_seeds":12750,"stat.useItem.refinedstorage.controller":4,"stat.climbOneCm":29346,"stat.craftItem.mysticalagriculture.intermedium_essence":380,"stat.craftItem.minecraft.gold_block":11,"stat.pickup.lootbags.itemlootbag":104,"stat.pickup.excompressum.auto_sieve":8,"stat.pickup.minecraft.golden_helmet":2,"stat.useItem.randomthings.itemCollector":5,"stat.craftItem.environmentaltech.laser_core":1,"stat.pickup.bloodmagic.ItemDaggerOfSacrifice":1,"stat.drop.minecraft.web":2,"stat.breakItem.woodenshears.wshears":72,"stat.useItem.minecraft.iron_ore":4,"stat.craftItem.minecraft.quartz":144,"stat.craftItem.mysticalagriculture.prudentium_ingot":8,"stat.craftItem.minecraft.stone_pickaxe":2,"stat.pickup.minecraft.cobblestone":9902,"stat.mineBlock.bigreactors.blockmetals":16,"stat.mineBlock.draconicevolution.energy_pylon":1,"stat.craftItem.mysticalagriculture.soulstone":8,"stat.craftItem.minecraft.glass_bottle":12,"stat.pickup.minecraft.soul_sand":10,"stat.mineBlock.scanner.biomeScannerBasic":3,"stat.pickup.minecraft.redstone":23,"stat.craftItem.minecraft.book":4,"stat.mineBlock.minecraft.iron_ore":21,"stat.pickup.bloodmagic.ItemBloodOrb":21,"stat.pickup.integrateddynamics.on_the_dynamics_of_integration":1,"stat.drop.minecraft.coal":1,"stat.pickup.exnihiloadscensio.itemSeedCactus":4,"stat.craftItem.bloodmagic.BlockBloodStoneBrick":16,"stat.craftItem.extrautils2.screen":3,"draconicevolution.core2":20,"stat.pickup.minecraft.cake":2,"stat.craftItem.environmentaltech.hardened_stone":1,"stat.pickup.harvestcraft.tunarawItem":1,"stat.drop.mysticalagriculture.gold_seeds":3,"stat.drop.minecraft.dirt":1,"stat.useItem.minecraft.cooked_porkchop":9,"stat.craftItem.refinedstorage.core":30,"stat.useItem.bloodmagic.ItemBoundSword":62,"stat.craftItem.tconstruct.soil":24,"stat.mineBlock.bigreactors.turbinecontroller":2,"stat.mineBlock.bloodmagic.BlockAlchemyTable":1,"stat.pickup.bigreactors.turbinepowertaprf":1,"stat.pickup.exnihiloadscensio.itemOreSilver":9,"stat.mineBlock.bigreactors.reactorcontrolrod":21,"stat.pickup.minecraft.nether_star":2,"stat.mineBlock.draconicevolution.draconium_block":131,"stat.useItem.extrautils2.angelblock":1,"stat.pickup.bloodmagic.ItemSigilHolding":1,"stat.craftItem.minecraft.stick":1156,"stat.useItem.extrautils2.passivegenerator":10,"stat.craftItem.mysticalagriculture.inferium_tool_core":2,"draconicevolution.core":50,"stat.craftItem.minecraft.gold_nugget":630,"stat.pickup.extrautils2.resonator":5,"stat.pickup.refinedstorage.machine_casing":1,"stat.craftItem.minecraft.clay_ball":24,"stat.entityKilledBy.Creeper":3,"stat.mineBlock.refinedstorage.importer":5,"stat.mineBlock.minecraft.planks":382,"stat.drop":360,"stat.pickup.draconicevolution.draconic_core":165,"stat.killEntity.Sheep":10,"stat.useItem.tconstruct.seared":73,"stat.pickup.mysticalagriculture.slime_essence":216,"stat.drop.refinedstorage.core":1,"stat.craftItem.mysticalagriculture.nugget":9,"stat.craftItem.minecraft.piston":18,"stat.useItem.psi.cadAssembler":1,"stat.pickup.immersiveengineering.shaderBag":12,"stat.pickup.minecraft.record_strad":1,"stat.useItem.exnihiloadscensio.itemMaterial":15,"stat.pickup.refinedstorage.importer":5,"stat.useItem.extrautils2.machine":31,"stat.craftItem.refinedstorage.storage_part":33,"stat.useItem.draconicevolution.energy_crystal":229,"stat.pickup.bigreactors.reactorglass":348,"stat.useItem.minecraft.apple":25,"stat.useItem.mysticalagriculture.tinkering_table":1,"stat.useItem.environmentaltech.controller_void_res_miner_1":1,"draconicevolution.ingot":2,"stat.pickup.refinedstorage.fluid_interface":1,"stat.pickup.minecraft.fence":34,"stat.drop.refinedstorage.wireless_grid":1,"stat.pickup.exnihiloadscensio.itemOreAluminium":15,"stat.killEntity.Rooster":4,"stat.useItem.chickenchunks.chickenChunkLoader":60,"stat.drop.mysticalagriculture.wither_skeleton_essence":1,"stat.craftItem.excompressum.auto_hammer":2,"stat.craftItem.minecraft.flint_and_steel":2,"stat.mineBlock.tconstruct.tooltables":1,"stat.pickup.exnihiloadscensio.hammerStone":2,"stat.mineBlock.minecraft.stone_stairs":62,"stat.craftItem.minecraft.iron_bars":16,"stat.mineBlock.minecraft.furnace":3,"stat.pickup.bloodmagic.ItemActivationCrystal":1,"stat.damageDealt":152514,"stat.craftItem.minecraft.bowl":4,"stat.useItem.minecraft.crafting_table":1,"stat.craftItem.immersiveengineering.storage":3,"stat.craftItem.enderio.itemBasicCapacitor":9,"stat.pickup.rftoolsdim.dimlet_memory_unit":2,"stat.useItem.psi.psimetalPickaxe":22,"stat.pickup.minecraft.stick":69,"stat.pickup.bigreactors.blockmetals":16,"achievement.enchantments":4,"stat.breakItem.minecraft.stone_pickaxe":1,"stat.craftItem.bloodmagic.ItemRitualDiviner":1,"draconicevolution.ecore":1,"ftbl.stat.last_seen":{"value":0,"progress":1530660625409},"stat.craftItem.psi.psimetalExosuitChestplate":1,"stat.pickup.bigreactors.ingotmetals":266,"stat.pickup.scanner.biomeScannerBasic":3,"stat.craftItem.minecraft.diamond_boots":1,"stat.mineBlock.bloodmagic.BlockAltar":1,"stat.pickup.scanner.scannerQueue":1,"stat.useItem.minecraft.redstone_block":357,"stat.useItem.bigreactors.reactorcontroller":9,"stat.craftItem.minecraft.redstone":1385,"stat.pickup.draconicevolution.draconium_block":135,"stat.killEntity.Chicken":2,"stat.pickup.exnihiloadscensio.crookWood":1,"stat.useItem.minecraft.iron_block":543,"draconicevolution.wchest":1,"stat.craftItem.minecraft.fence":84,"stat.craftItem.mysticalagriculture.mystical_tool_rod":1,"stat.mineBlock.minecraft.leaves":8243,"stat.mineBlock.tp.emerald_cobblegen_block":5,"stat.mineBlock.tconstruct.seared":5,"stat.pickup.woodenshears.wshears":4,"stat.useItem.enderio.blockAlloySmelter":15,"achievement.cookFish":3,"stat.craftItem.bloodmagic.ItemSacrificialDagger":1,"stat.useItem.refinedstorage.grid":6,"stat.beaconInteraction":13,"stat.pickup.actuallyadditions.blockAtomicReconstructor":7,"stat.drop.mysticalagriculture.gold_essence":2,"stat.drop.exnihiloadscensio.hammerStone":1,"stat.killEntity.EntityHorse":5,"stat.pickup.minecraft.wooden_slab":36,"stat.pickup.draconicevolution.draconium_dust":4,"stat.craftItem.draconicevolution.wyvern_chest":1,"stat.leaveGame":62,"stat.craftItem.psi.spellBullet":10,"stat.useItem.minecraft.glowstone":297,"stat.craftItem.minecraft.ender_eye":4,"achievement.actuallyadditions.openBookletMilestone":{"value":0,"progress":["2"]},"stat.pickup.bigreactors.brore":1,"stat.pickup.simpleachievements.achievement_book":1,"stat.pickup.immersiveengineering.conveyor":3,"stat.craftItem.exnihiloadscensio.itemOreGold":138,"stat.pickup.immersiveengineering.treatedWood":1,"stat.pickup.bloodmagic.ItemSacrificialDagger":7,"stat.pickup.minecraft.brick_block":11,"stat.craftItem.mysticalagriculture.supremium_ingot":2,"stat.mineBlock.extrautils2.angelblock":1,"stat.mineBlock.minecraft.wooden_slab":25,"stat.pickup.minecraft.leather_boots":2,"stat.killEntity.Witch":20,"stat.craftItem.exnihiloadscensio.blockBarrel1":3,"stat.craftItem.exnihiloadscensio.blockBarrel0":90,"stat.craftItem.mysticalagriculture.inferium_essence":556,"stat.useItem.harvestcraft.donutItem":1,"stat.craftItem.mysticalagriculture.tinkering_table":1,"stat.useItem.draconicevolution.particle_generator":86,"stat.drop.minecraft.gold_ingot":60,"stat.pickup.draconicevolution.particle_generator":10,"stat.craftItem.actuallyadditions.blockAtomicReconstructor":1,"stat.craftItem.excompressum.auto_compressor":3,"stat.drop.mysticalagriculture.draconium_seeds":1,"stat.mineBlock.refinedstorage.fluid_interface":1,"stat.mineBlock.minecraft.brick_block":12,"stat.mineBlock.excompressum.auto_hammer":3,"stat.craftItem.tp.iron_cobblegen_block":1,"stat.pickup.chancecubes.chance_Cube":2,"stat.craftItem.exnihiloadscensio.itemMesh":7,"stat.drop.minecraft.red_flower":3,"stat.useItem.moreshears.diamondShears":53,"stat.pickup.minecraft.beef":5,"stat.useItem.bloodmagic.BlockAlchemyTable":3,"stat.pickup.bloodmagic.ItemBloodShard":4,"stat.craftItem.environmentaltech.sand_enriched":21,"stat.craftItem.refinedstorage.cable":12,"stat.pickup.rftoolsdim.dimlet_energy_module":3,"achievement.openInventory":3955,"stat.craftItem.actuallyadditions.blockMisc":2,"stat.pickup.mysticalagriculture.diamond_essence":1,"stat.pickup.tconstruct.smeltery_io":1,"stat.pickup.exnihiloadscensio.itemSeedOak":2,"stat.pickup.bigreactors.reactoraccessport":2,"stat.useItem.minecraft.dye":3,"stat.craftItem.mysticalagriculture.supremium_sword":1,"stat.useItem.forge.bucketFilled":98,"stat.pickup.rftoolsdim.dimlet_type_controller":2,"stat.useItem.enderio.itemPowerConduit":543,"stat.pickup.refinedstorage.cable":22,"stat.craftItem.immersiveengineering.metal":64,"stat.mineBlock.minecraft.tallgrass":346,"stat.pickup.tconstruct.seared":5,"stat.pickup.immersiveengineering.material":11,"stat.useItem.refinedstorage.cable":758,"stat.useItem.minecraft.stone":31,"stat.useItem.bigreactors.reactorglass":1198,"stat.pickup.minecraft.arrow":223,"stat.pickup.extrautils2.compressedcobblestone":528,"stat.useItem.tp.cobblegen_block":4,"stat.useItem.minecraft.clay":46,"stat.mineBlock.bloodmagic.BlockRitualStone":1,"stat.useItem.bloodmagic.ItemArcaneAshes":6,"achievement.killCow":10,"stat.mineBlock.minecraft.chest":27,"draconicevolution.flux":1,"stat.craftItem.minecraft.hopper":1,"stat.pickup.refinedstorage.network_receiver":1,"stat.mineBlock.exnihiloadscensio.blockBarrel0":18,"stat.pickup.mysticalagriculture.redstone_essence":4382,"stat.pickup.excompressum.auto_compressor":4,"stat.craftItem.draconicevolution.draconic_core":52,"stat.pickup.bloodmagic.ItemSoulGem":6,"stat.useItem.exnihiloadscensio.hammerDiamond":1664,"stat.pickup.minecraft.wheat_seeds":18,"stat.mineBlock.minecraft.glass":3,"stat.useItem.minecraft.enchanting_table":1,"stat.mineBlock.actuallyadditions.blockMisc":2,"stat.useItem.exnihiloadscensio.hammerWood":309,"stat.mineBlock.minecraft.dirt":767,"stat.useItem.refinedstorage.solderer":9,"stat.pickup.immersiveengineering.seed":8,"stat.craftItem.refinedstorage.solderer":1,"stat.drop.minecraft.porkchop":3,"stat.pickup.bloodmagic.ItemSanguineBook":1,"stat.craftItem.mysticalagriculture.copper_seeds":1,"stat.useItem.minecraft.cobblestone":18785,"stat.craftItem.draconicevolution.energy_crystal":153,"stat.useItem.minecraft.gravel":1752,"stat.mineBlock.minecraft.double_plant":2,"stat.craftItem.extrautils2.angelblock":1,"stat.useItem.tp.emerald_cobblegen_block":11,"stat.mineBlock.bigreactors.turbinepowertaprf":1,"stat.pickup.bloodmagic.BlockDemonCrystallizer":4,"stat.craftItem.actuallyadditions.itemMiningLens":1,"stat.craftItem.mob_grinding_utils.fan_upgrade":1,"stat.craftItem.minecraft.gold_ingot":160,"stat.useItem.refinedstorage.exporter":26,"stat.pickup.minecraft.apple":47,"stat.craftItem.immersiveengineering.tool":1,"stat.pickup.minecraft.banner":1,"achievement.portal":14,"stat.craftItem.mysticalagriculture.intermedium_tool_core":2,"stat.craftItem.baconators.baconator":1,"stat.itemEnchanted":7,"stat.mineBlock.excompressum.auto_compressor":4,"stat.pickup.extrautils2.filter":8,"stat.mineBlock.minecraft.log":1000,"stat.useItem.minecraft.wooden_door":4,"achievement.acquireIron":212,"stat.craftItem.rscircuits.resource":15,"stat.pickup.minecraft.red_flower":27,"stat.pickup.minecraft.wool":12,"stat.mineBlock.draconicevolution.draconic_block":4,"stat.useItem.bigreactors.turbinehousing":2919,"stat.craftItem.psi.psimetalSword":1,"stat.drop.minecraft.grass":1,"stat.cakeSlicesEaten":6,"stat.craftItem.excompressum.auto_sieve":2,"stat.drop.mysticalagriculture.coal_essence":4,"stat.useItem.bloodmagic.BlockRitualController":3,"stat.pickup.exnihiloadscensio.blockBarrel0":18,"stat.killEntity.headcrumbs.Human":282,"stat.craftItem.minecraft.diamond_leggings":1,"stat.pickup.environmentaltech.controller_void_ore_miner_1":1,"stat.pickup.draconicevolution.draconic_ingot":28,"stat.mineBlock.minecraft.yellow_flower":12,"stat.useItem.refinedstorage.disk_drive":31,"stat.craftItem.psi.cadBattery":5,"achievement.actuallyadditions.getCrystalsMilestone":{"value":0,"progress":["1"]},"stat.craftItem.minecraft.wool":9,"stat.drop.minecraft.saddle":1,"stat.pickup.mysticalagriculture.fire_seeds":4272,"stat.craftItem.extrautils2.quarry":2,"achievement.buildWorkBench":42,"stat.useItem.minecraft.obsidian":12,"stat.pickup.refinedstorage.grid":2,"stat.pickup.minecraft.bow":3,"stat.pickup.mysticalagriculture.yellorium_seeds":9818,"stat.craftItem.mysticalagriculture.tier2_inferium_seeds":1,"stat.pickup.refinedstorage.solderer":2,"stat.craftItem.mysticalagriculture.supremium_apple":4,"stat.useItem.minecraft.egg":6,"stat.useItem.mob_grinding_utils.fan":24,"stat.craftItem.minecraft.cooked_beef":1,"stat.mineBlock.minecraft.obsidian":5,"stat.pickup.actuallyadditions.blockMisc":2,"stat.useItem.scanner.scannerQueue":1,"stat.pickup.draconicevolution.draconic_spawner":1,"stat.flyOneCm":61063583,"stat.useItem.bloodmagic.BlockDemonCrucible":3,"stat.craftItem.extrautils2.grocket":112,"stat.pickup.mysticalagriculture.dirt_essence":3655,"stat.pickup.excompressum.auto_hammer":3,"stat.timeSinceDeath":472421,"stat.useItem.exnihiloadscensio.blockDust":8,"stat.pickup.draconicevolution.draconic_block":6,"stat.killEntity.Bat":13,"stat.pickup.rftoolsdim.dimlet_base":1,"stat.pickup.hatchery.chickenmanure":41,"stat.useItem.minecraft.potato":1,"stat.pickup.mysticalagriculture.blaze_essence":1,"stat.pickup.bigreactors.reactorcontroller":2,"stat.mineBlock.enderio.blockCapBank":2,"stat.craftItem.tconstruct.seared":49,"stat.pickup.minecraft.nether_wart":9,"stat.craftItem.bigreactors.reactorpowertaprf":5,"stat.mineBlock.minecraft.coal_ore":19,"stat.craftItem.minecraft.stone_hoe":1,"stat.craftItem.refinedstorage.network_receiver":1,"stat.pickup.minecraft.string":477,"stat.useItem.bigreactors.reactorpowertaprf":7,"stat.useItem.minecraft.written_book":1,"stat.craftItem.tconstruct.tooltables":22,"stat.useItem.extrautils2.drum":77,"stat.mineBlock.extrautils2.machine":16,"stat.pickup.scanner.dimensionalCore":5,"stat.craftItem.chickenchunks.chickenChunkLoader":2,"stat.craftItem.environmentaltech.controller_void_ore_miner_1":1,"stat.craftItem.refinedstorage.storage_housing":8,"stat.useItem.ceramics.clay_bucket":4,"achievement.killEnemy":902,"stat.useItem.tconstruct.seared_tank":1,"stat.pickup.refinedstorage.upgrade":4,"draconicevolution.wleggs":1,"stat.useItem.minecraft.ladder":9,"stat.pickup.minecraft.snowball":4,"stat.craftItem.mysticalagriculture.superium_tool_core":1,"stat.diveOneCm":1252258,"stat.mineBlock.bigreactors.turbinehousing":316,"stat.pickup.natura.clouds":8,"stat.drop.bigreactors.reactorcontrolrod":1,"stat.pickup.extrautils2.machine":17,"stat.craftItem.minecraft.ladder":9,"stat.craftItem.gyth.tank_upgrade":1,"achievement.buildHoe":2,"draconicevolution.wboots":1,"stat.mineBlock.bigreactors.brore":1,"stat.mineBlock.extrautils2.resonator":5,"stat.useItem.minecraft.rotten_flesh":4,"stat.useItem.bloodmagic.BlockBloodRune":235,"stat.pickup.draconicevolution.draconium_ore":1,"stat.useItem.woodenshears.wshears":2742,"stat.craftItem.minecraft.diamond_sword":1,"stat.useItem.minecraft.sand":709,"stat.jump":12627,"stat.pickup.enderio.blockAlloySmelter":1,"stat.craftItem.minecraft.torch":336,"stat.craftItem.exnihiloadscensio.itemOreLead":19,"stat.pickup.immersiveengineering.stoneDecoration":1,"stat.useItem.minecraft.glass":16,"stat.useItem.minecraft.sapling":156,"stat.pickup.minecraft.gold_ore":53,"stat.craftItem.refinedstorage.importer":20,"stat.pickup.mysticalagriculture.tier4_inferium_seeds":666,"stat.pickup.bigreactors.turbinecontroller":2,"stat.mineBlock.minecraft.glass_pane":1,"stat.damageTaken":24664,"stat.useItem.minecraft.end_crystal":64,"stat.useItem.minecraft.gold_block":1,"stat.craftItem.mysticalagriculture.draconium_seeds":1,"stat.pickup.minecraft.potato":1,"stat.entityKilledBy.Zombie":1,"stat.useItem.mob_grinding_utils.spikes":102,"stat.drop.minecraft.mob_spawner":1,"stat.craftItem.environmentaltech.hardened_stone_structure":2,"stat.craftItem.minecraft.stone_slab":174,"stat.useItem.immersiveengineering.storage":32,"stat.animalsBred":2,"stat.useItem.minecraft.chest":161,"stat.useItem.bloodmagic.BlockBloodStoneBrick":4,"stat.useItem.refinedstorage.disk_manipulator":1,"stat.craftItem.enderio.itemAlloy":606,"stat.pickup.tp.emerald_cobblegen_block":5,"stat.useItem.mysticalagriculture.supremium_sword":1045,"stat.mineBlock.scanner.terrainScanner":4,"stat.useItem.bigreactors.turbineglass":136,"stat.pickup.minecraft.ender_pearl":5,"stat.pickup.minecraft.ladder":9,"stat.craftItem.bigreactors.blockmetals":1,"stat.mineBlock.minecraft.stonebrick":439,"stat.mineBlock.refinedstorage.grid":2,"stat.craftItem.mysticalagriculture.supremium_essence":1,"stat.craftItem.draconicevolution.info_tablet":1,"achievements.xu2.manual.mill":20,"stat.mineBlock.minecraft.glowstone":7,"stat.craftItem.refinedstorage.wireless_crafting_monitor":1,"stat.pickup.minecraft.torch":112,"stat.mineBlock.tp.cobblegen_block":1,"stat.drop.minecraft.arrow":2,"stat.breakItem.exnihiloadscensio.crookWood":3,"stat.pickup.bloodmagic.ItemSlate":211,"stat.pickup.bloodmagic.BlockDemonCrucible":2,"stat.pickup.bigreactors.reactorfuelrod":1647,"stat.useItem.refinedstorage.network_transmitter":1,"stat.mineBlock.bloodmagic.BlockBloodRune":51,"stat.pickup.minecraft.lapis_block":1,"stat.pickup.gravestone.death_info":3,"stat.pickup.mysticalagriculture.fire_essence":4191,"stat.pickup.minecraft.fishing_rod":2,"stat.pickup.immersiveengineering.metalDevice1":16,"stat.mineBlock.extrautils2.compressedcobblestone":2,"stat.useItem.minecraft.planks":681,"stat.pickup.minecraft.porkchop":140,"stat.pickup.minecraft.blaze_powder":11,"stat.pickup.minecraft.glass":6,"stat.craftItem.bigreactors.reactorcontrolrod":16,"stat.pickup.psi.material":260,"stat.mineBlock.scanner.dimensionalCore":5,"stat.mineBlock.bigreactors.reactoraccessport":2,"stat.useItem.minecraft.water_bucket":585,"stat.pickup.minecraft.sand":2266,"stat.entityKilledBy.Spider":1,"stat.craftItem.exnihiloadscensio.blockCrucible":18,"stat.craftItem.psi.cadCore":5,"stat.pickup.minecraft.name_tag":1,"achievement.diamonds":13,"stat.craftItem.bloodmagic.BlockAlchemyTable":1,"stat.useItem.minecraft.brown_mushroom":64,"stat.craftItem.extrautils2.resonator":1,"stat.craftItem.minecraft.cooked_fish":2,"achievement.buildBetterPickaxe":12,"stat.pickup.actuallyadditions.itemBooklet":1,"stat.craftItem.minecraft.blaze_powder":8,"stat.pickup.draconicevolution.energy_pylon":1,"stat.useItem.minecraft.spawn_egg":27,"stat.craftItem.mysticalagriculture.superium_ingot":8,"stat.drop.gravestone.death_info":23,"stat.craftItem.bigreactors.reactorcasing":44,"stat.craftItem.refinedstorage.machine_casing":3,"stat.useItem.refinedstorage.wireless_crafting_monitor":1,"stat.craftItem.cookingforblockheads.sink":2,"stat.mineBlock.chancecubes.chance_Cube":3,"stat.pickup.bloodmagic.BlockAlchemyTable":1,"stat.pickup.minecraft.furnace":3,"stat.useItem.minecraft.redstone":2,"achievement.overkill":488,"stat.useItem.scanner.dimensionalCore":5,"achievement.mineWood":275,"stat.breakItem.exnihiloadscensio.hammerStone":26,"stat.craftItem.mysticalagriculture.prudentium_essence":1180,"stat.useItem.minecraft.stone_stairs":77,"stat.pickup.minecraft.skull":13,"stat.craftItem.minecraft.ghast_tear":4,"stat.useItem.bloodmagic.BlockRitualStone":1,"stat.mineBlock.rftools.crafter3":2,"stat.mineBlock.rftools.crafter2":5,"stat.craftItem.minecraft.sand":16,"stat.craftItem.minecraft.heavy_weighted_pressure_plate":4,"stat.useItem.mysticalagriculture.dirt_seeds":7,"stat.playOneMinute":6256294,"stat.useItem.exnihiloadscensio.hammerStone":3469,"stat.drop.minecraft.string":2,"stat.pickup.minecraft.diamond_block":10,"stat.pickup.mysticalagriculture.iron_seeds":921,"stat.pickup.natura.overworld_seeds":10,"stat.mineBlock.immersiveengineering.stoneDecoration":1,"stat.pickup.minecraft.iron_bars":1285,"stat.craftItem.immersiveengineering.metalDecoration2":15,"stat.craftItem.tp.cobblegen_block":4,"stat.drop.psi.material":1,"stat.pickup.bloodmagic.ItemMonsterSoul":11,"stat.mineBlock.refinedstorage.controller":1,"stat.pickup.exnihiloadscensio.itemSeedBirch":2,"stat.pickup.tconstruct.seared_furnace_controller":2,"stat.mineBlock.bigreactors.reactorglass":377,"stat.craftItem.bigreactors.turbinepowertaprf":1,"stat.pickup.mysticalagriculture.supremium_essence":52,"stat.fallOneCm":123428,"stat.drop.minecraft.dye":4,"stat.useItem.bigreactors.reactorcasing":4730,"stat.craftItem.refinedstorage.crafting_monitor":1,"stat.craftItem.minecraft.chest":81,"stat.useItem.bigreactors.turbinebearing":25,"stat.mineBlock.minecraft.lever":8,"stat.mineBlock.gyth.modular_tank":8,"stat.craftItem.bigreactors.turbineglass":1,"stat.pickup.minecraft.feather":5,"stat.useItem.refinedstorage.fluid_interface":2,"stat.craftItem.bigreactors.turbinerotorshaft":2,"stat.pickup.bloodmagic.ItemBoundSword":1,"stat.drop.extrautils2.pipe":2,"stat.useItem.refinedstorage.wireless_grid":2,"stat.useItem.minecraft.stone_pickaxe":144,"stat.craftItem.tconstruct.seared_tank":1,"stat.craftItem.draconicevolution.wyvern_core":17,"stat.mineBlock.scanner.scannerQueue":1,"stat.useItem.minecraft.stone_sword":397,"stat.pickup.mob_grinding_utils.fan":19,"stat.killEntity.Rabbit":3,"stat.pickup.mysticalagriculture.gold_seeds":8,"stat.pickup.exnihiloadscensio.hammerWood":1,"stat.pickup.minecraft.chainmail_boots":2,"stat.craftItem.minecraft.golden_pickaxe":2,"stat.craftItem.draconicevolution.wyvern_boots":1,"stat.useItem.minecraft.iron_bars":18,"stat.mineBlock.minecraft.monster_egg":4,"stat.craftItem.mysticalagriculture.vibrant_alloy_seeds":1,"stat.useItem.extrautils2.grocket":404,"stat.mineBlock.enderio.blockConduitBundle":88,"stat.craftItem.extrautils2.filter":14,"stat.craftItem.ceramics.clay_bucket":5,"stat.pickup.minecraft.log":1396,"stat.useItem.bloodmagic.BlockDemonCrystallizer":7,"stat.pickup.minecraft.wooden_door":1,"stat.craftItem.exnihiloadscensio.itemOreCopper":32,"stat.mineBlock.minecraft.iron_block":7,"stat.craftItem.tconstruct.smeltery_controller":1,"stat.useItem.actuallyadditions.itemAxeQuartz":144,"stat.mineBlock.draconicevolution.particle_generator":10,"stat.craftItem.minecraft.cooked_chicken":6,"stat.useItem.minecraft.stone_hoe":6,"stat.craftItem.woodenshears.wshears":75,"stat.sneakTime":419299,"stat.craftItem.draconicevolution.wyvern_helm":1,"stat.craftItem.refinedstorage.exporter":5,"stat.pickup.minecraft.chest":29,"stat.craftItem.minecraft.enchanting_table":4,"stat.useItem.minecraft.lapis_block":1,"stat.pickup.immersiveengineering.ore":11,"stat.mineBlock.bigreactors.reactorcasing":604,"stat.craftItem.lootbags.itemlootbag":5,"stat.pickup.minecraft.record_blocks":2,"stat.craftItem.minecraft.stone_brick_stairs":8,"stat.craftItem.mysticalagriculture.charm_strength1":1,"stat.craftItem.mysticalagriculture.charm_strength2":1,"stat.craftItem.rftools.crafter2":2,"stat.craftItem.rftools.crafter1":2,"stat.craftItem.extrautils2.compressedcobblestone":5195,"stat.swimOneCm":195531,"stat.mineBlock.minecraft.diamond_block":10,"stat.drop.mysticalagriculture.wood_seeds":1,"achievement.actuallyadditions.craftCoalGen":1,"stat.useItem.minecraft.dirt":871,"achievement.exploreAllBiomes":{"value":0,"progress":["Cold Taiga","Sunflower Plains","Roofed Forest","Birch Forest","The End","Extreme Hills+ M","Beach","The Beneath","FrozenRiver","Mega Taiga Hills","Extreme Hills+","Cold Beach","River","Ocean","Taiga","Mega Taiga","Swampland","Ice Mountains","Birch Forest Hills","Roofed Forest M","ForestHills","Flower Forest","Plains","Stone Beach","Jungle","Ice Plains","Forest","Desert","Extreme Hills","Hell","Deep Ocean","Swampland M"]},"stat.useItem.gyth.modular_tank":28,"stat.useItem.immersiveengineering.treatedWood":1,"stat.pickup.refinedstorage.controller":2,"stat.useItem.minecraft.golden_pickaxe":1,"stat.drop.minecraft.ender_pearl":1,"stat.pickup.mysticalagriculture.yellorium_essence":8021,"stat.craftItem.draconicevolution.draconic_ingot":36,"stat.drop.minecraft.fence":1,"stat.pickup.minecraft.gold_block":4,"stat.mineBlock.minecraft.redstone_block":3,"stat.useItem.exnihiloadscensio.blockBarrel0":173,"stat.pickup.minecraft.clay":49,"stat.useItem.exnihiloadscensio.blockBarrel1":39,"stat.pickup.minecraft.glass_bottle":6,"stat.pickup.psi.cad":6,"stat.useItem.minecraft.red_mushroom":64,"stat.craftItem.minecraft.wooden_slab":846,"stat.useItem.bigreactors.turbinerotorblade":128,"stat.useItem.scanner.terrainScanner":5,"stat.craftItem.bloodmagic.BlockIncenseAltar":1,"stat.mineBlock.bigreactors.reactorcontroller":2,"stat.drop.minecraft.log":1,"stat.pickup.minecraft.mutton":20,"stat.craftItem.tp.blaze_cobblegen_block":1,"stat.useItem.minecraft.lever":10,"stat.craftItem.environmentaltech.glass_clear":21,"stat.pickup.scanner.terrainScanner":4,"stat.craftItem.cookingforblockheads.recipeBook":2,"stat.craftItem.mysticalagriculture.nether_quartz_seeds":1,"achievements.xu2.techtree.start":160,"stat.drop.minecraft.golden_boots":2,"stat.pickup.minecraft.stonebrick":309,"stat.mineBlock.refinedstorage.network_receiver":1,"stat.craftItem.minecraft.blaze_rod":4,"stat.mineBlock.extrautils2.trashcan":1,"stat.craftItem.minecraft.reeds":80,"stat.craftItem.minecraft.brick_block":237,"stat.pickup.draconicevolution.energy_crystal":137,"stat.useItem.beneath.teleporterbeneath":1,"stat.craftItem.bloodmagic.ItemLavaCrystal":2,"stat.craftItem.draconicevolution.particle_generator":44,"stat.useItem.minecraft.stone_slab":232,"stat.craftItem.draconicevolution.wyvern_energy_core":15,"stat.useItem.refinedstorage.importer":37,"stat.craftItem.minecraft.stone":475,"stat.mineBlock.minecraft.crafting_table":1,"stat.pickup.refinedstorage.core":1,"stat.useItem.minecraft.diamond_pickaxe":5675,"stat.craftItem.mysticalagriculture.charm_blank":1,"stat.useItem.minecraft.ender_eye":71,"stat.mineBlock.bloodmagic.BlockDemonCrystallizer":4,"stat.craftItem.natura.materials":2,"achievement.buildFurnace":45,"stat.pickup.mysticalagriculture.diamond_seeds":1,"stat.craftItem.draconicevolution.wyvern_legs":1,"stat.drop.roots.oldRoot":1,"stat.pickup.bloodmagic.ItemLavaCrystal":2,"stat.craftItem.minecraft.diamond_pickaxe":1,"stat.useItem.draconicevolution.fusion_crafting_core":1,"stat.craftItem.mysticalagriculture.dirt_seeds":1,"stat.craftItem.mysticalagriculture.base_essence_ingot":8,"stat.craftItem.bloodmagic.BlockBloodRune":25,"stat.useItem.excompressum.auto_sieve":10,"stat.useItem.bigreactors.turbinerotorshaft":271,"stat.craftItem.environmentaltech.lens_item":2,"stat.craftItem.bigreactors.reactorcoolantport":3,"stat.craftItem.exnihiloadscensio.hammerStone":28,"stat.mineBlock.exnihiloadscensio.blockInfestedLeaves":560,"stat.pickup.minecraft.gravel":2847,"stat.useItem.extrautils2.compressedcobblestone":2,"stat.breakItem.betterbuilderswands.wandStone":1,"stat.craftItem.immersiveengineering.metalDevice1":18,"stat.pickup.exnihiloadscensio.itemSeedSpruce":3,"stat.useItem.minecraft.diamond_axe":250,"stat.pickup.chickenchunks.chickenChunkLoader":56,"stat.useItem.cookingforblockheads.sink":17,"stat.drop.mysticalagriculture.nether_quartz_seeds":1,"stat.pickup.mysticalagriculture.redstone_seeds":4582,"stat.mineBlock.refinedstorage.wireless_transmitter":1,"stat.craftItem.tconstruct.rack":32,"stat.craftItem.enderio.itemPowerConduit":8,"stat.craftItem.minecraft.pumpkin":16,"stat.useItem.tconstruct.tooltables":22,"stat.mineBlock.natura.clouds":19,"draconicevolution.whelm":1,"stat.pickup.minecraft.spider_eye":31,"stat.useItem.minecraft.mycelium":64,"stat.useItem.minecraft.cooked_chicken":5,"stat.craftItem.minecraft.end_crystal":3,"stat.pickup.minecraft.iron_ore":21,"stat.useItem.bigreactors.blockmetals":48,"stat.useItem.immersiveengineering.stoneDecoration":28,"stat.pickup.actuallyadditions.itemCanolaSeed":2,"stat.useItem.betterbuilderswands.wandStone":56,"stat.mineBlock.minecraft.iron_bars":2208,"stat.pickup.minecraft.leaves":2837,"stat.pickup.minecraft.leather":55,"stat.craftItem.exnihiloadscensio.crookWood":3,"stat.craftItem.environmentaltech.tool_multiblock_assembler":1,"stat.useItem.bigreactors.turbinecontroller":3,"stat.pickup.exnihiloadscensio.itemOreIron":239,"stat.craftItem.mysticalagriculture.tier1_crafting_seed":17,"stat.useItem.minecraft.end_portal_frame":71,"stat.pickup.tconstruct.materials":23,"stat.pickup.draconicevolution.awakened_core":4,"stat.craftItem.minecraft.glass":1881,"stat.pickup.exnihiloadscensio.itemSeedCarrot":7,"stat.craftItem.minecraft.cauldron":5,"stat.pickup.botania.dye":2,"stat.killEntity.Cow":4,"stat.pickup.draconicevolution.energy_storage_core":3,"stat.killEntity.Pig":6,"stat.craftItem.minecraft.iron_sword":1,"stat.walkOneCm":7392017,"stat.craftItem.immersiveengineering.stoneDecoration":27,"stat.mineBlock.enderio.blockTransceiver":1,"stat.pickup.minecraft.clay_ball":227,"stat.craftItem.mysticalagriculture.superium_apple":1,"stat.pickup.mysticalagriculture.inferium_essence":2382,"stat.mineBlock.bigreactors.turbinebearing":4,"stat.useItem.betterbuilderswands.wandDiamond":414,"stat.useItem.exnihiloadscensio.blockSieve":7,"stat.craftItem.actuallyadditions.blockCoalGenerator":1,"stat.pickup.minecraft.stone":72,"stat.useItem.minecraft.leaves":9,"stat.pickup.minecraft.gold_ingot":84,"stat.killEntity.Skeleton":94,"stat.useItem.bigreactors.turbinefluidport":31,"stat.useItem.bloodmagic.BlockAltar":2,"stat.craftItem.minecraft.skull":7,"stat.craftItem.mysticalagriculture.intermedium_ingot":10,"stat.mineBlock.minecraft.redstone_torch":3,"stat.killEntity.Spider":118,"stat.craftItem.refinedstorage.fluid_storage_disk":3,"stat.mineBlock.bloodmagic.BlockRitualController":1,"stat.craftItem.exnihiloadscensio.hammerDiamond":5,"stat.pickup.exnihiloadscensio.blockDust":576,"stat.pickup.enderio.blockCapBank":2,"stat.pickup.mysticalagriculture.draconium_seeds":16,"stat.craftItem.extrautils2.trashcan":7,"stat.useItem.bigreactors.reactorcontrolrod":462,"stat.mineBlock.mob_grinding_utils.fan":24,"stat.useItem.mysticalagriculture.supremium_sword_strength2":661,"stat.mineBlock.minecraft.redstone_ore":1,"stat.useItem.actuallyadditions.blockAtomicReconstructor":8,"stat.craftItem.draconicevolution.fusion_crafting_core":1,"stat.useItem.actuallyadditions.blockCoalGenerator":1,"stat.craftItem.minecraft.brick":45,"stat.mineBlock.minecraft.stone":21626,"stat.useItem.tconstruct.smeltery_controller":1,"stat.mineBlock.mob_grinding_utils.spikes":102}